Trade Date,Arca,Amex,Consolidated
20250122,"6,221.7","3,099.7","47,650.9"
20250121,"6,427.8","2,940.3","50,676.0"
20250117,"7,873.9","5,005.1","64,019.9"
20250116,"6,193.3","3,216.7","52,592.2"
20250115,"6,989.1","4,111.3","54,931.0"
20250114,"6,572.6","4,020.8","48,359.3"
20250113,"6,517.7","3,627.9","48,820.1"
20250110,"8,272.5","3,600.6","62,097.2"
20250108,"6,693.8","3,672.4","52,099.9"
20250107,"7,191.2","3,960.3","53,350.4"
20250106,"7,353.7","3,528.0","56,206.6"
20250103,"6,794.2","3,126.9","52,979.9"
20250102,"6,839.7","2,488.9","47,368.7"
20241231,"4,919.7","2,278.0","37,594.6"
20241230,"5,571.4","2,663.6","42,357.0"
20241227,"6,257.7","2,971.2","49,037.4"
20241226,"4,672.2","2,720.1","38,936.4"
20241224,"3,652.1","1,780.0","28,729.0"
20241223,"5,611.1","2,802.5","43,147.6"
20241220,"7,960.6","4,101.4","65,986.2"
20241219,"7,469.0","3,601.6","61,630.0"
20241218,"8,175.2","4,063.7","62,013.4"
20241217,"5,977.2","3,715.6","46,100.2"
20241216,"6,244.0","3,027.0","54,843.2"
20241213,"6,937.0","3,395.6","56,011.7"
20241212,"5,362.7","3,250.2","46,798.8"
20241211,"5,817.2","3,288.4","48,795.4"
20241210,"5,702.8","2,624.8","46,067.4"
20241209,"6,557.8","2,941.4","52,633.9"
20241206,"6,609.6","3,387.5","52,993.9"
20241205,"5,962.6","3,284.0","49,191.7"
20241204,"5,830.6","2,956.6","46,156.2"
20241203,"4,810.5","2,582.9","38,620.0"
20241202,"5,620.3","2,539.2","44,327.9"
20241129,"3,998.1","2,060.0","37,017.5"
20241127,"5,131.1","3,083.6","43,855.6"
20241126,"5,832.0","2,926.5","44,834.0"
20241125,"6,636.9","3,592.0","53,631.6"
20241122,"7,164.2","2,818.5","55,792.6"
20241121,"7,444.4","2,761.5","55,542.1"
20241120,"5,667.2","2,556.3","42,348.5"
20241119,"5,759.6","2,409.3","42,649.5"
20241118,"6,022.0","2,471.9","43,776.9"
20241115,"8,423.9","4,054.0","64,465.5"
20241114,"7,010.6","3,529.0","56,814.6"
20241113,"6,886.9","3,508.4","52,527.7"
20241112,"7,185.7","4,112.9","52,439.6"
20241111,"7,257.4","2,991.9","52,964.6"
20241108,"8,275.5","3,623.0","58,890.6"
20241107,"7,720.2","3,350.2","60,063.0"
20241106,"8,928.8","3,759.5","63,288.0"
20241105,"5,950.4","2,756.9","42,047.2"
20241104,"5,593.6","2,186.4","38,853.5"
20241101,"6,728.7","3,024.9","49,138.7"
20241031,"7,287.6","2,323.0","54,474.4"
20241030,"6,463.7","2,552.3","44,338.6"
20241029,"5,475.5","2,348.5","39,626.7"
20241028,"4,645.2","2,121.5","37,985.2"
20241025,"6,347.1","2,723.5","50,324.2"
20241024,"5,387.7","2,408.7","42,272.5"
20241023,"5,841.3","2,618.4","45,349.6"
20241022,"4,461.7","2,735.0","37,671.8"
20241021,"4,771.9","2,732.4","39,330.3"
20241018,"5,716.2","3,468.1","47,704.1"
20241017,"5,419.3","3,156.0","45,705.3"
20241016,"4,994.7","3,174.9","41,178.0"
20241015,"6,669.4","3,317.7","49,800.3"
20241014,"5,128.9","2,850.1","39,920.3"
20241011,"6,026.6","2,849.0","49,081.7"
20241010,"4,588.9","2,364.5","42,228.9"
20241009,"4,933.4","2,936.6","42,350.6"
20241008,"5,059.0","2,311.0","41,504.7"
20241007,"5,312.4","3,399.7","45,068.5"
20241004,"6,520.7","2,776.4","51,395.6"
20241003,"5,196.4","2,100.7","41,614.4"
20241002,"5,480.8","2,974.5","42,465.3"
20241001,"6,188.8","3,537.6","48,004.8"
20240930,"6,282.8","2,897.9","42,046.1"
20240927,"6,774.8","3,939.9","49,273.5"
20240926,"7,803.1","4,144.1","51,926.4"
20240925,"4,978.6","3,136.9","38,472.8"
20240924,"5,451.5","3,428.6","42,889.8"
20240923,"4,734.4","2,870.4","36,004.4"
20240920,"7,508.1","4,271.7","52,029.8"
20240919,"6,977.5","4,085.6","53,685.9"
20240918,"5,888.3","3,269.3","41,005.1"
20240917,"5,461.6","3,033.8","39,569.7"
20240916,"4,747.6","2,825.7","35,911.2"
20240913,"6,933.6","3,606.9","50,078.9"
20240912,"6,439.8","3,402.4","48,516.8"
20240911,"6,932.0","3,562.1","47,429.4"
20240910,"5,194.7","3,489.7","37,607.4"
20240909,"5,053.3","2,409.4","36,156.5"
20240906,"7,732.7","3,416.8","51,950.1"
20240905,"6,315.1","3,909.7","42,233.9"
20240904,"5,546.6","2,377.3","37,139.5"
20240903,"6,743.8","3,066.9","45,172.6"
20240830,"6,580.1","2,540.6","42,922.3"
20240829,"6,625.5","2,721.2","44,501.0"
20240828,"5,608.9","2,492.4","36,576.2"
20240827,"4,364.1","2,237.1","29,796.8"
20240826,"4,969.1","2,615.5","34,510.7"
20240823,"7,207.6","3,309.4","48,522.1"
20240822,"6,650.4","3,573.0","44,229.0"
20240821,"5,220.5","2,743.9","35,809.3"
20240820,"5,354.0","2,763.4","36,773.0"
20240819,"5,552.5","2,858.2","39,378.6"
20240816,"6,487.3","4,078.5","47,753.5"
20240815,"7,637.5","4,486.1","54,766.1"
20240814,"5,668.6","3,659.6","40,938.0"
20240813,"5,825.0","3,602.8","41,857.1"
20240812,"5,110.4","3,255.8","36,628.9"
20240809,"5,563.9","2,542.2","40,004.2"
20240808,"6,604.3","2,977.1","46,068.1"
20240807,"7,129.5","2,810.6","46,758.6"
20240806,"6,631.2","2,794.7","42,181.4"
20240805,"8,047.8","3,175.5","50,287.9"
20240802,"9,334.3","4,738.2","63,709.2"
20240801,"8,525.3","4,143.3","58,414.2"
20240731,"7,065.4","3,038.4","47,157.4"
20240730,"6,095.7","3,427.5","42,860.9"
20240729,"4,945.2","2,674.9","35,157.4"
20240726,"6,350.3","3,385.8","45,411.5"
20240725,"7,947.1","3,977.8","55,219.6"
20240724,"7,298.1","4,132.3","51,710.4"
20240723,"5,159.8","3,195.5","35,009.8"
20240722,"5,635.7","3,752.7","40,816.9"
20240719,"7,065.6","4,340.0","50,402.0"
20240718,"8,303.9","4,924.9","57,971.3"
20240717,"8,117.6","4,986.8","55,774.9"
20240716,"7,053.9","4,762.4","49,254.2"
20240715,"6,440.4","4,499.7","48,133.1"
20240712,"7,550.1","4,837.9","54,837.9"
20240711,"8,769.5","4,572.7","59,198.8"
20240710,"5,945.8","3,680.8","42,610.2"
20240709,"5,373.4","2,679.0","39,116.0"
20240708,"5,376.1","2,872.7","38,124.9"
20240705,"6,337.2","2,925.8","45,073.7"
20240703,"4,625.4","1,883.0","32,027.2"
20240702,"5,603.4","3,005.5","38,405.6"
20240701,"5,760.4","2,608.8","39,076.6"
20240628,"7,657.3","3,472.9","52,609.6"
20240627,"4,495.9","3,062.3","40,649.9"
20240626,"4,458.9","2,961.2","39,850.9"
20240625,"5,410.4","2,776.1","36,990.0"
20240624,"6,852.7","3,621.4","43,452.6"
20240621,"7,046.4","4,978.8","50,845.9"
20240620,"7,802.4","5,141.4","56,351.8"
20240618,"5,968.3","4,632.3","41,934.2"
20240617,"6,542.0","4,254.6","46,939.8"
20240614,"7,274.1","4,735.8","49,649.9"
20240613,"6,538.8","3,684.8","49,103.1"
20240612,"8,910.3","3,855.9","53,772.6"
20240611,"5,505.7","3,507.2","38,313.8"
20240610,"5,164.9","2,876.1","38,494.0"
20240607,"6,233.9","3,173.3","42,740.1"
20240606,"6,016.8","2,971.8","41,753.7"
20240605,"5,761.1","3,074.8","39,541.3"
20240604,"5,288.7","2,599.3","35,689.9"
20240603,"5,944.4","3,014.1","38,945.6"
20240531,"7,148.7","3,526.7","49,619.0"
20240530,"5,788.9","2,905.0","39,694.7"
20240529,"5,276.1","3,640.8","36,534.6"
20240528,"5,189.9","2,813.5","34,732.9"
20240524,"5,620.7","3,210.3","37,603.3"
20240523,"6,847.7","3,802.2","46,544.2"
20240522,"5,060.4","2,936.0","35,674.6"
20240521,"4,830.8","3,093.5","31,726.8"
20240520,"5,000.1","1,575.5","35,317.6"
20240517,"6,640.0","4,220.9","45,729.6"
20240516,"5,705.7","3,607.8","40,517.0"
20240515,"6,293.6","3,926.6","48,554.4"
20240514,"6,398.0","3,917.2","42,388.1"
20240513,"5,612.3","3,179.4","38,548.4"
20240510,"5,829.9","3,112.6","40,294.5"
20240509,"5,518.6","3,624.2","40,776.8"
20240508,"4,571.5","3,159.1","36,988.3"
20240507,"5,343.0","3,667.5","37,499.4"
20240506,"5,278.2","3,094.0","38,351.7"
20240503,"6,801.4","2,903.8","46,745.2"
20240502,"5,905.2","3,435.9","40,755.6"
20240501,"6,813.3","3,298.2","43,915.4"
20240430,"5,176.9","3,276.3","38,045.7"
20240429,"5,259.4","3,170.5","37,266.8"
20240426,"6,301.3","3,701.4","45,152.7"
20240425,"6,161.3","3,394.3","43,774.9"
20240424,"5,328.5","3,099.0","39,102.0"
20240423,"5,390.4","3,593.3","37,415.2"
20240422,"5,170.7","3,630.0","40,171.4"
20240419,"7,421.0","4,884.8","53,405.6"
20240418,"5,786.8","3,635.3","42,907.9"
20240417,"5,926.5","3,718.4","48,018.6"
20240416,"5,941.8","3,790.9","40,294.5"
20240415,"6,437.3","4,024.8","46,050.9"
20240412,"7,733.3","4,431.5","52,827.3"
20240411,"5,743.1","3,626.9","42,769.3"
20240410,"5,815.0","3,534.5","43,708.4"
20240409,"5,521.9","3,553.0","36,971.5"
20240408,"4,012.5","2,290.2","31,539.6"
20240405,"6,412.3","3,282.4","45,695.4"
20240404,"6,907.0","3,657.0","48,579.6"
20240403,"4,974.9","3,586.2","38,243.6"
20240402,"4,782.8","3,689.0","37,178.2"
20240401,"4,452.8","2,915.7","34,461.2"
20240328,"5,691.0","3,301.5","43,239.6"
20240327,"5,159.9","2,934.1","37,104.7"
20240326,"4,608.3","2,878.5","33,807.3"
20240325,"4,683.4","2,597.7","32,653.8"
20240322,"5,755.1","3,367.3","40,148.6"
20240321,"6,318.0","3,798.9","44,012.3"
20240320,"5,727.8","2,880.8","38,331.5"
20240319,"4,827.7","3,195.4","34,419.1"
20240318,"5,036.9","3,135.5","36,574.4"
20240315,"6,452.2","4,897.4","47,485.9"
20240314,"6,737.3","4,181.1","50,111.8"
20240313,"5,612.1","4,051.2","43,657.6"
20240312,"6,103.4","3,771.1","42,252.1"
20240311,"5,553.8","3,229.8","39,366.9"
20240308,"8,869.8","4,169.8","59,558.4"
20240307,"6,412.8","3,796.6","44,633.6"
20240306,"6,672.9","4,043.4","47,909.2"
20240305,"6,472.8","3,657.6","47,192.1"
20240304,"6,109.2","3,688.9","45,634.5"
20240301,"7,757.9","4,387.0","53,126.1"
20240229,"6,474.4","3,476.3","45,164.9"
20240228,"5,757.0","3,343.4","40,535.3"
20240227,"5,637.1","2,927.4","39,444.6"
20240226,"5,227.0","2,778.6","37,935.4"
20240223,"6,855.1","3,389.8","46,072.3"
20240222,"6,404.2","3,517.9","48,120.3"
20240221,"5,226.9","2,836.9","36,798.8"
20240220,"5,562.3","3,039.7","41,656.0"
20240216,"7,064.5","3,980.1","50,666.0"
20240215,"6,233.1","3,899.3","47,711.1"
20240214,"6,007.7","3,357.4","46,663.6"
20240213,"6,608.1","3,777.5","48,186.9"
20240212,"5,280.4","3,557.8","44,082.1"
20240209,"6,694.1","3,647.5","48,470.5"
20240208,"5,622.1","3,368.8","41,884.3"
20240207,"5,943.3","3,311.5","45,449.2"
20240206,"5,847.0","3,235.4","41,775.9"
20240205,"5,496.9","3,223.4","42,298.8"
20240202,"7,157.6","3,954.9","52,597.1"
20240201,"6,008.2","3,297.4","43,266.3"
20240131,"5,910.7","2,560.3","45,152.2"
20240130,"5,006.4","2,698.8","35,203.0"
20240129,"4,770.5","3,224.5","36,627.1"
20240126,"6,000.1","3,560.0","43,140.3"
20240125,"5,850.1","3,169.8","43,437.9"
20240124,"5,954.9","3,697.6","46,265.4"
20240123,"4,750.4","2,970.7","34,490.3"
20240122,"5,645.2","3,596.0","41,865.4"
20240119,"7,379.5","5,196.4","55,568.4"
20240118,"6,475.9","4,236.0","50,025.8"
20240117,"5,980.0","3,831.6","49,549.0"
20240116,"6,096.0","3,166.8","42,759.6"
20240112,"6,044.3","2,982.2","44,757.3"
20240111,"6,168.0","3,473.9","46,564.8"
20240110,"5,013.0","2,846.1","41,122.4"
20240109,"4,665.6","2,845.5","35,054.2"
20240108,"5,233.2","3,296.7","42,141.9"
20240105,"5,397.3","3,246.2","41,431.1"
20240104,"4,702.3","2,948.2","35,810.4"
20240103,"5,141.6","3,336.9","42,942.5"
20240102,"5,288.7","2,901.1","38,052.5"
20231229,"4,968.0","3,367.5","39,279.5"
20231228,"4,130.1","2,627.6","32,957.2"
20231227,"4,058.8","2,935.9","34,658.2"
20231226,"3,391.8","2,008.8","27,762.4"
20231222,"5,489.3","3,143.2","40,085.2"
20231221,"5,370.9","2,778.2","38,741.4"
20231220,"6,643.0","4,118.4","50,372.5"
20231219,"5,336.8","3,309.7","42,530.5"
20231218,"4,932.0","2,857.7","38,962.5"
20231215,"6,677.6","4,299.8","50,696.4"
20231214,"8,435.5","4,552.8","63,815.0"
20231213,"6,154.4","3,770.6","51,461.7"
20231212,"4,555.1","3,280.1","34,185.9"
20231211,"4,113.4","2,912.4","35,976.4"
20231208,"5,186.9","3,808.4","42,213.5"
20231207,"4,832.6","3,323.3","38,980.2"
20231206,"4,661.8","3,325.7","43,010.5"
20231205,"4,337.3","2,618.2","36,421.6"
20231204,"4,892.4","3,030.6","41,145.8"
20231201,"5,493.7","3,763.7","48,193.4"
20231130,"4,608.3","3,164.4","39,726.3"
20231129,"4,940.7","3,778.4","43,245.0"
20231128,"4,065.2","2,870.0","34,662.8"
20231127,"3,320.7","2,652.4","29,399.8"
20231124,"2,254.5","1,407.9","19,250.6"
20231122,"4,103.3","2,642.1","34,919.2"
20231121,"3,763.8","2,539.0","34,287.9"
20231120,"4,164.6","3,086.5","36,297.3"
20231117,"4,892.1","3,541.6","40,316.4"
20231116,"4,886.7","3,220.8","40,237.7"
20231115,"5,439.6","3,993.1","47,062.6"
20231114,"6,095.5","3,928.3","48,925.7"
20231113,"3,936.7","2,485.7","33,857.7"
20231110,"5,487.6","3,150.8","45,498.6"
20231109,"5,498.3","3,073.0","43,056.7"
20231108,"4,520.0","2,619.4","38,509.8"
20231107,"4,246.8","2,601.5","36,037.8"
20231106,"3,914.7","2,665.9","34,325.2"
20231103,"5,935.0","3,763.1","53,035.1"
20231102,"5,173.2","2,937.5","46,355.6"
20231101,"4,348.1","2,184.6","40,345.3"
20231031,"4,122.3","1,794.3","34,342.9"
20231030,"4,416.5","1,690.5","36,851.2"
20231027,"5,858.1","2,155.4","45,086.9"
20231026,"5,519.6","2,780.5","46,304.1"
20231025,"5,174.1","3,022.6","45,112.6"
20231024,"4,546.6","2,379.0","36,199.6"
20231023,"4,694.2","2,454.0","39,279.4"
20231020,"5,780.5","3,310.5","49,005.4"
20231019,"5,544.7","2,839.9","45,008.3"
20231018,"5,241.9","2,990.2","44,812.4"
20231017,"4,480.1","2,708.4","35,976.0"
20231016,"4,375.8","2,857.4","34,093.3"
20231013,"5,948.7","2,959.1","45,333.6"
20231012,"5,263.5","2,856.6","41,717.0"
20231011,"4,098.6","2,363.9","35,631.4"
20231010,"4,430.9","2,656.7","37,262.7"
20231009,"3,547.2","2,098.2","30,205.0"
20231006,"5,696.3","2,848.5","46,245.2"
20231005,"4,282.0","2,549.9","35,129.1"
20231004,"4,986.5","2,630.8","42,107.8"
20231003,"5,118.8","2,673.7","40,724.0"
20231002,"4,313.3","2,192.2","34,759.8"
20230929,"4,596.0","2,716.9","42,268.8"
20230928,"4,200.7","2,430.5","37,201.8"
20230927,"4,604.2","2,814.4","43,521.5"
20230926,"4,167.9","2,725.0","37,180.1"
20230925,"3,364.5","2,334.7","30,794.5"
20230922,"4,474.9","2,650.6","40,338.0"
20230921,"4,868.9","2,967.7","43,444.9"
20230920,"3,703.4","2,172.1","33,659.6"
20230919,"3,770.8","2,682.8","32,510.1"
20230918,"3,635.3","2,462.1","31,446.9"
20230915,"5,360.7","3,293.2","45,115.7"
20230914,"4,816.9","3,239.8","40,663.4"
20230913,"4,729.6","3,745.0","41,351.5"
20230912,"4,252.4","3,546.7","36,791.2"
20230911,"3,966.4","2,883.5","36,185.4"
20230908,"4,336.2","2,830.4","39,459.8"
20230907,"4,703.8","2,921.9","39,408.5"
20230906,"4,642.0","2,721.1","38,424.8"
20230905,"3,990.7","2,307.6","32,749.9"
20230901,"5,390.3","2,369.2","40,618.7"
20230831,"4,381.8","2,781.8","36,218.4"
20230830,"4,673.0","2,536.3","38,399.8"
20230829,"5,402.2","2,800.9","41,276.3"
20230828,"3,911.4","2,059.4","31,589.3"
20230825,"4,914.9","2,779.6","43,297.8"
20230824,"4,300.5","2,736.6","39,196.0"
20230823,"3,809.9","3,399.1","37,959.9"
20230822,"3,808.1","3,098.8","34,368.5"
20230821,"3,941.5","3,282.6","37,854.7"
20230818,"5,653.4","3,760.0","48,129.1"
20230817,"4,856.3","3,673.4","46,395.4"
20230816,"4,473.6","3,673.0","43,618.7"
20230815,"4,572.5","2,864.0","38,445.4"
20230814,"4,140.7","2,697.2","37,562.7"
20230811,"4,911.0","3,046.9","41,863.5"
20230810,"5,230.8","2,878.4","44,708.6"
20230809,"4,900.2","2,823.4","41,791.6"
20230808,"4,561.1","2,844.6","37,927.2"
20230807,"4,012.7","2,371.6","35,515.8"
20230804,"5,749.9","2,922.7","50,359.1"
20230803,"4,650.4","2,920.1","40,743.9"
20230802,"5,088.0","3,163.5","46,704.5"
20230801,"3,728.3","2,401.8","35,197.2"
20230731,"3,981.9","2,795.0","37,877.8"
20230728,"5,358.0","3,312.7","48,499.2"
20230727,"5,920.0","3,164.0","51,342.7"
20230726,"4,153.4","2,339.8","35,941.2"
20230725,"3,914.1","2,847.7","34,686.3"
20230724,"4,279.5","3,066.7","36,949.8"
20230721,"4,993.6","3,691.2","44,912.7"
20230720,"5,419.2","3,468.2","47,611.1"
20230719,"5,333.6","3,395.6","45,164.2"
20230718,"4,880.5","3,154.4","42,710.5"
20230717,"4,327.7","2,912.9","37,660.0"
20230714,"5,859.7","2,994.2","49,059.2"
20230713,"5,453.2","2,961.4","45,484.9"
20230712,"5,324.9","2,863.6","44,118.0"
20230711,"4,171.2","2,354.9","36,426.2"
20230710,"3,826.6","2,523.5","33,315.5"
20230707,"4,578.1","2,604.1","40,244.2"
20230706,"4,393.1","2,565.2","38,874.2"
20230705,"3,936.9","2,510.2","31,623.6"
20230703,"2,324.5","1,487.3","21,418.8"
20230630,"5,308.1","3,193.9","44,081.1"
20230629,"4,224.9","2,222.5","34,402.1"
20230628,"4,606.7","2,153.8","36,174.0"
20230627,"4,377.1","2,669.2","34,536.4"
20230626,"4,142.5","2,077.7","33,230.8"
20230623,"4,896.5","2,392.0","39,128.2"
20230622,"4,445.1","2,343.2","36,083.9"
20230621,"4,678.3","2,645.3","38,377.1"
20230620,"4,712.2","2,098.8","37,253.5"
20230616,"5,857.6","3,508.1","48,461.9"
20230615,"6,356.0","3,505.5","50,229.0"
20230614,"5,568.5","2,714.6","46,568.9"
20230613,"5,563.3","3,033.4","45,065.6"
20230612,"4,425.8","2,625.3","40,081.4"
20230609,"5,702.6","2,553.8","46,499.4"
20230608,"4,813.7","3,026.6","40,888.1"
20230607,"6,109.3","3,345.0","50,004.0"
20230606,"4,943.8","2,773.8","43,636.7"
20230605,"4,773.3","2,207.9","38,848.4"
20230602,"6,264.3","3,114.0","49,186.0"
20230601,"5,239.2","3,288.4","42,573.1"
20230531,"5,077.3","2,564.4","40,773.6"
20230530,"5,370.3","2,506.4","40,357.3"
20230526,"5,759.3","2,928.8","47,683.5"
20230525,"5,228.6","2,616.9","41,322.7"
20230524,"5,055.2","2,632.3","39,295.9"
20230523,"4,821.6","2,933.8","38,144.8"
20230522,"4,526.7","2,716.4","35,449.8"
20230519,"5,482.9","3,733.6","44,813.6"
20230518,"5,651.1","3,722.8","45,842.4"
20230517,"4,975.4","3,639.0","43,471.3"
20230516,"4,066.6","3,174.0","34,573.2"
20230515,"4,098.4","2,821.2","32,674.5"
20230512,"4,961.1","2,977.7","40,739.3"
20230511,"4,839.5","2,990.9","37,854.4"
20230510,"5,435.4","2,779.0","43,429.5"
20230509,"3,902.6","2,574.8","30,107.2"
20230508,"3,905.0","2,253.0","31,521.8"
20230505,"5,372.7","3,223.4","44,037.6"
20230504,"5,756.5","2,749.5","42,525.7"
20230503,"4,284.3","2,769.7","36,894.1"
20230502,"4,271.2","3,481.1","39,766.1"
20230501,"3,939.1","2,789.5","33,011.5"
20230428,"5,370.4","3,234.2","42,335.3"
20230427,"5,192.9","2,937.8","43,443.1"
20230426,"4,934.2","2,837.2","39,449.5"
20230425,"4,901.7","2,888.5","37,952.5"
20230424,"3,813.5","2,405.1","31,473.6"
20230421,"4,773.3","3,550.1","40,557.2"
20230420,"5,170.5","3,338.8","40,420.8"
20230419,"4,184.8","2,834.3","34,757.7"
20230418,"3,919.4","3,450.5","32,507.5"
20230417,"4,386.0","2,439.5","31,405.3"
20230414,"5,265.9","3,682.0","41,277.8"
20230413,"4,605.9","3,220.2","36,021.9"
20230412,"4,652.3","2,861.3","37,229.2"
20230411,"3,942.9","2,259.3","30,042.2"
20230410,"3,622.9","2,057.2","29,390.5"
20230406,"4,733.0","2,563.2","36,524.8"
20230405,"4,574.7","2,566.9","36,093.9"
20230404,"4,483.0","2,746.6","37,417.5"
20230403,"4,474.4","2,699.4","35,247.4"
20230331,"5,801.1","3,514.3","45,996.8"
20230330,"5,000.2","2,889.3","37,229.0"
20230329,"4,600.6","2,403.1","36,090.0"
20230328,"4,294.4","2,306.1","32,227.2"
20230327,"4,491.1","2,378.2","32,434.1"
20230324,"5,700.6","3,041.8","42,130.9"
20230323,"6,261.8","3,619.9","48,253.2"
20230322,"5,562.9","2,973.7","41,875.2"
20230321,"5,146.0","2,643.6","37,363.7"
20230320,"4,824.1","2,644.5","36,102.3"
20230317,"6,724.6","4,332.8","51,555.3"
20230316,"6,193.4","3,605.6","49,865.2"
20230315,"6,818.8","3,611.0","51,101.0"
20230314,"5,654.4","3,621.3","42,510.9"
20230313,"6,565.5","3,656.9","48,997.7"
20230310,"7,740.7","4,370.5","60,994.8"
20230309,"5,407.0","3,266.4","45,711.5"
20230308,"3,824.3","2,812.2","33,703.3"
20230307,"4,266.3","2,907.0","35,742.1"
20230306,"4,123.3","3,016.4","34,187.8"
20230303,"5,405.7","3,331.2","43,549.9"
20230302,"4,728.0","2,821.0","38,150.3"
20230301,"4,471.3","2,990.1","37,603.4"
20230228,"4,302.2","2,707.7","32,820.8"
20230227,"4,460.5","2,565.4","34,360.6"
20230224,"5,413.6","3,275.9","42,177.7"
20230223,"5,046.1","3,061.6","40,977.3"
20230222,"4,695.3","3,373.6","37,667.4"
20230221,"5,123.5","3,404.4","39,752.8"
20230217,"6,172.1","3,941.5","48,261.8"
20230216,"5,813.8","3,426.9","44,042.6"
20230215,"5,201.8","3,554.1","39,773.8"
20230214,"5,374.7","3,445.2","40,777.2"
20230213,"4,290.1","3,147.5","34,202.8"
20230210,"5,812.9","3,708.5","44,933.2"
20230209,"6,101.1","3,117.9","45,858.6"
20230208,"5,287.5","3,186.6","41,218.1"
20230207,"6,008.6","3,018.1","43,675.0"
20230206,"4,800.1","3,131.0","38,776.2"
20230203,"7,102.8","3,886.4","56,975.6"
20230202,"7,915.4","4,339.6","64,834.7"
20230201,"6,254.5","3,219.3","45,070.8"
20230131,"4,847.2","2,809.7","34,950.2"
20230130,"5,189.6","3,103.5","38,663.9"
20230127,"7,243.1","3,804.8","54,992.1"
20230126,"5,749.4","3,067.6","42,308.8"
20230125,"5,342.1","3,166.3","41,376.4"
20230124,"4,623.2","3,371.7","33,817.1"
20230123,"6,036.1","3,964.7","46,390.4"
20230120,"5,957.4","4,741.6","47,443.6"
20230119,"5,311.2","3,697.3","41,010.7"
20230118,"5,595.6","3,630.0","50,765.0"
20230117,"4,798.1","3,068.5","37,969.5"
20230113,"5,873.4","3,482.9","45,389.6"
20230112,"6,201.1","3,293.1","48,259.4"
20230111,"5,086.7","4,108.4","47,141.5"
20230110,"4,147.8","2,644.4","32,653.4"
20230109,"5,134.4","3,059.2","42,170.8"
20230106,"6,084.1","3,915.5","50,840.5"
20230105,"4,390.0","2,535.3","35,196.2"
20230104,"5,037.8","3,668.0","44,805.5"
20230103,"4,419.1","2,616.3","35,154.6"
20221230,"4,026.5","2,110.9","30,439.2"
20221229,"4,186.0","1,693.0","32,168.5"
20221228,"4,204.0","2,869.9","41,858.5"
20221227,"3,725.9","2,298.8","28,056.2"
20221223,"4,097.4","2,273.9","30,520.6"
20221222,"5,508.8","2,681.3","42,498.9"
20221221,"4,126.3","2,339.6","40,343.3"
20221220,"4,108.9","2,637.4","32,257.6"
20221219,"4,459.2","2,448.4","35,452.4"
20221216,"6,117.8","3,295.2","47,974.7"
20221215,"5,383.4","2,980.1","42,382.8"
20221214,"4,966.2","2,325.5","41,515.7"
20221213,"5,695.3","3,475.9","43,903.7"
20221212,"4,244.2","3,429.2","35,399.4"
20221209,"4,647.9","2,658.5","36,562.2"
20221208,"4,408.2","2,340.8","35,009.4"
20221207,"4,357.5","2,656.8","37,873.0"
20221206,"5,092.8","2,782.2","39,106.5"
20221205,"4,666.6","2,978.2","38,634.6"
20221202,"5,728.7","3,299.0","42,850.5"
20221201,"5,250.7","3,145.6","42,584.0"
20221130,"5,563.0","3,029.5","47,433.2"
20221129,"3,451.4","2,181.3","28,996.9"
20221128,"3,950.0","2,142.4","31,216.4"
20221125,"2,276.0","1,057.7","18,204.7"
20221123,"4,497.1","2,399.8","36,502.3"
20221122,"4,459.9","2,490.7","37,849.1"
20221121,"4,213.1","2,250.4","35,902.4"
20221118,"5,058.6","3,782.6","42,348.8"
20221117,"4,870.7","3,402.2","40,711.4"
20221116,"4,405.9","2,834.4","38,384.2"
20221115,"6,313.0","3,515.2","47,864.0"
20221114,"4,930.3","2,861.1","39,076.0"
20221111,"6,986.0","3,522.3","55,538.4"
20221110,"7,511.0","3,396.9","54,131.3"
20221109,"5,198.2","3,053.7","41,640.5"
20221108,"5,059.4","3,246.4","45,102.7"
20221107,"4,462.1","2,984.0","35,764.1"
20221104,"6,904.5","3,608.2","53,532.7"
20221103,"5,144.0","2,869.7","41,699.8"
20221102,"5,413.1","2,514.5","45,344.9"
20221101,"3,877.6","2,162.3","32,084.9"
20221031,"4,085.0","2,372.6","33,160.8"
20221028,"5,959.4","2,982.9","48,704.1"
20221027,"4,956.1","2,140.8","40,428.2"
20221026,"5,497.7","2,734.6","45,009.0"
20221025,"5,253.1","2,349.0","38,290.4"
20221024,"4,977.0","2,821.3","38,723.3"
20221021,"6,281.6","3,644.8","48,928.5"
20221020,"4,923.7","2,770.4","38,055.8"
20221019,"4,364.7","2,618.4","37,815.5"
20221018,"4,669.5","2,535.4","35,501.0"
20221017,"3,951.4","2,498.0","34,051.4"
20221014,"4,954.1","2,835.1","42,051.4"
20221013,"5,711.9","4,001.6","49,203.5"
20221012,"3,684.5","2,712.7","35,240.4"
20221011,"4,102.4","3,140.1","35,386.1"
20221010,"3,679.1","2,821.0","32,954.6"
20221007,"5,188.1","3,476.1","46,178.0"
20221006,"3,680.0","2,502.5","34,266.1"
20221005,"3,956.2","3,000.1","39,791.5"
20221004,"4,442.9","2,731.6","39,176.1"
20221003,"4,184.4","3,426.4","36,732.7"
20220930,"4,543.3","3,153.0","43,762.9"
20220929,"4,227.6","2,897.3","39,655.5"
20220928,"4,150.9","3,169.7","42,003.0"
20220927,"4,027.6","4,072.3","37,092.8"
20220926,"4,400.6","2,924.4","38,700.6"
20220923,"6,102.3","4,581.1","55,843.5"
20220922,"4,498.7","3,599.1","41,956.5"
20220921,"3,577.1","3,070.8","39,284.2"
20220920,"3,542.3","2,901.6","31,867.6"
20220919,"3,643.5","3,394.1","33,475.7"
20220916,"5,311.2","4,803.3","47,812.9"
20220915,"4,282.5","3,445.4","39,175.3"
20220914,"4,160.5","3,641.9","38,499.4"
20220913,"4,391.1","3,265.1","40,273.1"
20220912,"4,010.2","3,188.9","36,276.5"
20220909,"4,903.6","3,798.3","42,038.1"
20220908,"4,020.1","3,159.8","35,912.1"
20220907,"3,864.2","3,715.1","36,673.0"
20220906,"3,764.5","2,741.0","34,720.2"
20220902,"4,585.7","3,625.2","41,687.1"
20220901,"4,738.3","3,382.3","40,417.6"
20220831,"3,990.3","2,480.6","35,268.0"
20220830,"4,261.5","2,677.6","34,835.7"
20220829,"3,930.9","2,484.4","33,829.0"
20220826,"5,202.9","3,295.5","44,814.7"
20220825,"3,713.3","2,644.7","33,393.4"
20220824,"3,322.8","2,520.6","31,107.6"
20220823,"3,377.0","2,498.4","28,716.1"
20220822,"3,930.5","2,978.0","35,217.2"
20220819,"5,182.0","3,368.3","43,952.5"
20220818,"3,399.4","2,787.3","33,369.0"
20220817,"4,278.9","3,073.4","39,336.6"
20220816,"4,727.9","2,913.3","37,973.6"
20220815,"3,863.3","2,838.8","33,968.9"
20220812,"4,645.2","3,159.1","40,238.3"
20220811,"4,804.9","2,922.1","42,887.9"
20220810,"4,699.1","2,635.4","40,470.4"
20220809,"3,643.0","2,211.9","31,324.2"
20220808,"4,232.4","2,740.6","38,241.3"
20220805,"4,781.1","2,870.0","42,196.5"
20220804,"3,858.7","2,777.5","35,581.8"
20220803,"4,512.6","2,838.0","40,305.6"
20220802,"3,688.4","2,713.9","33,324.8"
20220801,"3,928.0","2,507.5","34,751.3"
20220729,"4,719.8","3,000.9","44,905.1"
20220728,"3,923.1","2,503.9","38,052.7"
20220727,"3,919.7","2,324.6","35,731.8"
20220726,"2,585.9","1,828.8","26,181.7"
20220725,"3,618.1","1,664.0","26,254.6"
20220722,"4,515.0","2,521.6","40,146.5"
20220721,"3,936.1","2,562.3","34,785.6"
20220720,"4,023.7","2,500.9","38,129.7"
20220719,"3,944.1","2,279.7","33,365.3"
20220718,"4,127.8","2,611.1","35,961.8"
20220715,"4,502.2","3,195.4","39,278.5"
20220714,"4,007.0","2,867.3","34,735.1"
20220713,"3,624.1","2,723.0","33,631.4"
20220712,"3,175.1","2,235.5","28,556.3"
20220711,"3,097.3","2,782.8","29,864.9"
20220708,"4,165.0","2,513.0","35,576.9"
20220707,"3,826.3","2,514.8","32,523.8"
20220706,"3,645.5","2,547.7","30,710.9"
20220705,"3,987.9","2,260.8","32,916.2"
20220701,"4,078.4","2,325.4","34,050.8"
20220630,"4,245.9","2,326.7","35,408.8"
20220629,"3,690.4","2,014.5","30,804.1"
20220628,"3,818.3","2,215.7","31,177.7"
20220627,"3,368.0","1,987.6","28,116.4"
20220624,"4,755.2","2,489.0","39,511.2"
20220623,"4,197.3","2,057.4","32,897.7"
20220622,"3,808.4","2,459.4","31,800.9"
20220621,"4,349.0","2,446.3","34,217.2"
20220617,"4,507.9","2,873.3","41,072.1"
20220616,"5,257.8","3,593.0","42,481.4"
20220615,"4,672.8","2,515.7","36,663.8"
20220614,"4,046.3","2,752.1","33,681.8"
20220613,"5,439.1","4,063.4","46,787.5"
20220610,"5,602.4","3,185.7","46,817.1"
20220609,"4,450.8","2,442.3","33,470.2"
20220608,"4,282.9","2,648.9","34,175.7"
20220607,"3,877.3","2,694.4","29,613.3"
20220606,"3,695.4","2,252.1","30,661.6"
20220603,"4,365.5","2,350.5","34,507.7"
20220602,"4,203.5","2,535.6","33,672.3"
20220601,"4,098.9","3,199.5","34,065.1"
20220531,"4,783.7","3,115.4","35,807.7"
20220527,"5,264.1","3,708.7","41,666.0"
20220526,"4,986.8","3,260.6","38,098.2"
20220525,"4,150.3","2,871.0","32,333.2"
20220524,"4,267.8","2,993.4","32,772.2"
20220523,"4,392.0","3,238.1","34,860.0"
20220520,"6,324.1","4,448.1","48,940.3"
20220519,"4,846.5","3,180.5","37,032.5"
20220518,"5,224.8","3,661.4","40,283.0"
20220517,"4,275.3","3,187.6","34,130.6"
20220516,"3,909.5","2,689.8","31,293.1"
20220513,"5,395.1","3,680.0","43,445.8"
20220512,"5,600.7","3,475.8","43,767.8"
20220511,"5,126.8","3,164.3","40,975.8"
20220510,"4,808.2","3,730.4","36,994.1"
20220509,"5,759.3","3,622.8","41,708.3"
20220506,"5,730.6","3,616.9","42,554.3"
20220505,"5,365.4","3,475.3","40,728.3"
20220504,"5,124.9","2,776.0","37,796.8"
20220503,"4,227.8","2,475.4","28,357.7"
20220502,"5,165.9","3,011.0","37,129.0"
20220429,"5,539.7","3,229.6","41,050.2"
20220428,"5,071.6","3,373.7","38,013.1"
20220427,"4,536.7","2,681.8","34,683.7"
20220426,"4,153.2","3,001.1","34,384.3"
20220425,"5,454.6","3,118.2","40,955.0"
20220422,"5,516.4","3,214.9","42,867.5"
20220421,"5,187.9","3,213.9","40,421.3"
20220420,"4,165.7","2,723.1","32,482.8"
20220419,"4,017.0","2,610.2","29,940.9"
20220418,"3,857.2","2,807.4","31,370.6"
20220414,"5,249.2","3,646.3","39,809.9"
20220413,"4,493.2","3,176.8","37,456.4"
20220412,"4,426.1","2,868.2","35,080.1"
20220411,"4,290.0","2,977.7","34,755.7"
20220408,"4,674.9","3,241.7","36,802.2"
20220407,"4,670.5","3,083.4","36,260.0"
20220406,"5,246.8","3,228.9","40,754.6"
20220405,"4,358.5","2,301.9","32,726.0"
20220404,"4,359.4","2,234.8","33,199.3"
20220401,"5,400.8","2,769.5","38,392.3"
20220331,"4,699.1","2,730.3","34,127.0"
20220330,"4,867.5","2,588.8","37,452.0"
20220329,"5,859.3","2,737.5","40,831.7"
20220328,"5,302.2","2,165.8","34,204.4"
20220325,"5,351.3","2,679.8","42,015.8"
20220324,"4,571.3","2,286.6","35,935.6"
20220323,"4,843.6","2,634.1","36,788.5"
20220322,"4,869.3","2,498.5","35,640.7"
20220321,"5,444.2","2,699.8","38,414.9"
20220318,"6,124.9","3,899.2","48,832.8"
20220317,"5,073.8","3,503.1","37,623.6"
20220316,"6,821.1","3,357.3","45,126.2"
20220315,"3,964.5","2,783.4","31,730.0"
20220314,"5,009.9","2,408.1","36,808.0"
20220311,"4,758.9","2,765.0","37,501.8"
20220310,"4,454.0","2,715.6","33,528.1"
20220309,"5,005.3","2,582.1","36,864.4"
20220308,"6,451.3","3,135.5","47,024.8"
20220307,"5,611.1","2,864.2","42,236.0"
20220304,"5,732.7","2,608.7","43,375.7"
20220303,"4,722.1","2,389.6","35,190.2"
20220302,"4,980.7","2,837.4","37,149.8"
20220301,"5,662.8","2,258.3","37,311.3"
20220228,"5,803.9","1,959.0","37,126.2"
20220225,"6,059.1","2,306.4","43,180.8"
20220224,"7,341.0","3,145.8","49,962.4"
20220223,"5,545.9","2,910.2","38,196.6"
20220222,"5,713.2","2,536.8","38,418.0"
20220218,"6,158.7","3,302.0","45,711.2"
20220217,"5,085.5","2,638.5","37,043.0"
20220216,"5,059.2","2,661.5","35,429.8"
20220215,"4,439.2","2,541.5","32,609.0"
20220214,"5,082.4","3,170.0","35,829.6"
20220211,"7,117.1","3,474.2","50,777.5"
20220210,"6,631.9","2,967.1","46,527.1"
20220209,"5,370.8","2,960.4","41,032.2"
20220208,"4,788.7","2,482.7","35,290.2"
20220207,"4,669.4","2,642.0","34,605.6"
20220204,"6,020.2","3,040.5","44,807.0"
20220203,"5,079.8","2,659.9","38,814.8"
20220202,"4,874.9","2,565.4","36,311.2"
20220201,"4,936.2","2,369.4","34,448.1"
20220131,"5,175.2","2,760.4","37,173.0"
20220128,"6,103.8","3,657.9","46,561.6"
20220127,"5,132.0","2,709.8","40,410.7"
20220126,"5,864.6","3,098.7","43,263.3"
20220125,"5,468.3","2,378.7","35,848.4"
20220124,"8,640.7","3,573.6","57,909.0"
20220121,"7,270.3","4,839.9","58,889.2"
20220120,"5,954.6","3,645.3","46,460.8"
20220119,"5,042.8","3,139.1","42,820.5"
20220118,"4,846.3","3,281.3","40,262.7"
20220114,"6,652.3","2,682.9","44,050.3"
20220113,"5,109.8","2,484.1","40,894.2"
20220112,"4,404.1","2,785.5","36,954.2"
20220111,"4,332.2","2,387.0","33,502.1"
20220110,"4,871.3","2,683.3","38,870.4"
20220107,"4,883.1","2,734.7","39,825.3"
20220106,"5,296.2","2,495.8","41,022.5"
20220105,"5,749.2","2,890.3","43,291.1"
20220104,"4,794.1","2,354.9","37,611.2"
20220103,"4,083.5","2,415.4","34,202.6"
20211231,"3,636.0","2,012.9","27,628.7"
20211230,"3,536.3","1,763.0","28,183.4"
20211229,"3,086.6","1,789.5","25,407.9"
20211228,"3,466.5","1,893.3","26,251.0"
20211227,"3,762.5","1,994.8","28,744.4"
20211223,"4,423.2","2,143.0","33,884.0"
20211222,"3,899.0","2,057.5","30,938.5"
20211221,"4,220.9","2,160.5","32,970.9"
20211220,"4,559.9","2,559.4","33,520.2"
20211217,"6,049.1","3,408.1","46,677.6"
20211216,"5,530.9","2,802.6","41,683.0"
20211215,"6,044.6","3,192.6","40,948.9"
20211214,"4,484.1","2,727.4","33,162.3"
20211213,"5,019.3","2,892.2","36,471.7"
20211210,"4,664.8","2,418.2","41,209.7"
20211209,"4,405.9","2,103.9","33,347.3"
20211208,"4,460.5","2,403.7","35,427.9"
20211207,"5,118.4","2,992.2","38,656.0"
20211206,"5,026.6","2,596.7","36,850.1"
20211203,"6,729.9","3,296.3","49,756.7"
20211202,"6,138.9","2,442.7","42,312.7"
20211201,"6,668.0","3,133.7","50,522.8"
20211130,"5,774.6","2,555.6","43,358.5"
20211129,"4,969.9","2,504.4","37,874.3"
20211126,"5,326.4","1,812.2","35,722.6"
20211124,"4,715.5","2,147.4","33,701.5"
20211123,"5,646.9","2,608.7","41,231.7"
20211122,"6,596.3","3,007.6","48,411.1"
20211119,"6,390.6","3,618.7","50,475.9"
20211118,"6,362.1","3,671.3","46,196.2"
20211117,"5,517.2","3,439.9","42,959.0"
20211116,"5,074.0","3,235.7","39,162.7"
20211115,"5,310.2","2,931.4","38,405.5"
20211112,"5,478.2","3,432.1","44,487.7"
20211111,"4,943.0","3,428.3","37,960.6"
20211110,"6,110.4","3,487.9","45,610.3"
20211109,"5,575.7","2,968.5","44,545.9"
20211108,"5,811.8","3,190.3","45,510.8"
20211105,"6,589.3","3,772.8","54,139.5"
20211104,"5,454.9","3,369.4","48,266.1"
20211103,"5,556.0","3,096.1","45,130.0"
20211102,"4,604.4","2,384.2","36,254.6"
20211101,"4,834.9","2,708.4","38,761.8"
20211029,"5,603.2","3,097.5","44,761.2"
20211028,"5,046.0","2,755.3","41,629.2"
20211027,"4,848.2","2,770.9","39,289.5"
20211026,"5,404.4","2,882.7","41,512.7"
20211025,"4,544.8","2,531.9","36,629.5"
20211022,"5,014.4","2,958.9","41,297.6"
20211021,"4,521.0","2,353.3","35,743.8"
20211020,"4,375.9","2,672.8","36,405.9"
20211019,"4,305.6","2,436.6","35,395.0"
20211018,"4,291.9","2,533.9","35,579.0"
20211015,"5,378.7","3,803.8","44,936.2"
20211014,"4,798.2","3,332.5","38,413.2"
20211013,"4,176.3","2,666.2","32,999.6"
20211012,"3,993.3","3,368.2","30,903.2"
20211011,"3,893.9","2,999.2","31,942.8"
20211008,"4,308.9","2,848.0","35,809.9"
20211007,"4,288.7","3,177.2","35,789.4"
20211006,"4,172.5","2,830.2","33,624.9"
20211005,"3,687.9","2,205.8","29,740.7"
20211004,"4,307.8","2,633.0","35,418.5"
20211001,"4,680.9","2,819.6","39,603.5"
20210930,"4,390.8","2,764.0","35,956.9"
20210929,"3,706.3","2,565.6","31,641.5"
20210928,"4,794.7","2,729.6","38,539.4"
20210927,"4,192.6","2,409.3","34,073.9"
20210924,"4,272.5","2,441.5","36,341.4"
20210923,"4,343.1","2,807.1","37,330.7"
20210922,"4,331.0","2,613.0","35,438.0"
20210921,"3,905.2","2,409.6","31,536.3"
20210920,"6,109.9","3,298.8","44,481.4"
20210917,"5,656.0","3,819.3","44,947.2"
20210916,"4,236.7","2,880.8","34,331.7"
20210915,"4,648.5","3,283.1","34,929.3"
20210914,"4,446.5","3,468.2","35,187.9"
20210913,"4,436.0","3,039.1","37,636.4"
20210910,"5,487.9","3,166.6","42,207.5"
20210909,"4,235.4","2,255.0","32,956.8"
20210908,"4,426.8","3,000.0","35,206.4"
20210907,"4,295.2","2,725.4","34,483.0"
20210903,"4,395.8","2,616.4","36,479.1"
20210902,"4,237.0","2,319.9","34,372.1"
20210901,"4,386.9","2,668.9","35,915.4"
20210831,"3,439.9","2,184.4","29,648.5"
20210830,"4,509.7","2,387.7","34,291.1"
20210827,"4,987.2","2,887.6","39,772.1"
20210826,"4,042.4","2,403.0","32,197.2"
20210825,"3,809.8","2,558.5","32,396.1"
20210824,"4,110.6","2,678.5","34,218.1"
20210823,"4,110.7","2,782.1","35,403.2"
20210820,"4,568.3","3,191.7","40,157.3"
20210819,"5,269.7","3,756.5","41,607.6"
20210818,"3,941.9","3,112.0","35,178.1"
20210817,"4,232.0","2,915.0","37,210.8"
20210816,"4,145.1","2,494.6","36,017.0"
20210813,"4,308.4","3,046.1","36,407.0"
20210812,"4,424.9","2,912.4","34,262.1"
20210811,"4,373.1","2,595.3","34,618.0"
20210810,"4,403.5","2,240.3","32,459.2"
20210809,"4,281.8","2,066.0","30,587.0"
20210806,"4,624.1","2,398.9","36,836.0"
20210805,"4,447.8","2,453.2","33,096.4"
20210804,"4,372.4","2,279.4","33,810.4"
20210803,"3,823.2","2,100.7","31,240.0"
20210802,"3,605.5","2,133.5","30,479.0"
20210730,"3,945.3","2,527.8","36,237.0"
20210729,"4,465.9","2,483.2","34,892.1"
20210728,"4,605.1","2,328.1","36,013.4"
20210727,"4,237.0","2,378.6","33,337.4"
20210726,"3,863.8","2,222.0","29,693.1"
20210723,"4,633.2","3,008.2","39,414.7"
20210722,"3,464.6","2,094.9","29,573.6"
20210721,"4,051.1","2,443.9","32,329.7"
20210720,"4,117.7","2,449.4","32,561.8"
20210719,"5,038.0","3,222.2","41,952.2"
20210716,"4,812.0","3,780.8","42,519.5"
20210715,"4,531.2","2,857.5","37,014.1"
20210714,"4,725.0","2,903.1","37,297.5"
20210713,"3,950.4","2,732.8","34,010.0"
20210712,"4,012.8","2,940.3","30,623.2"
20210709,"4,101.0","2,812.1","36,800.8"
20210708,"5,186.5","2,832.7","38,276.8"
20210707,"4,372.2","3,008.5","37,422.8"
20210706,"4,557.7","2,623.4","38,100.2"
20210702,"4,587.8","2,736.6","38,565.7"
20210701,"3,722.5","2,020.7","32,393.4"
20210630,"2,947.3","3,100.0","33,397.2"
20210629,"2,707.1","2,387.5","31,850.5"
20210628,"3,336.0","2,893.7","36,327.3"
20210625,"3,377.3","2,916.1","38,242.0"
20210624,"3,216.9","2,979.7","36,399.6"
20210623,"3,076.3","2,570.7","33,568.5"
20210622,"2,783.8","2,593.5","31,814.7"
20210621,"3,056.6","2,878.2","34,200.4"
20210618,"4,091.1","4,156.1","46,887.6"
20210617,"4,233.3","3,761.6","46,876.4"
20210616,"4,021.3","3,327.3","38,425.4"
20210615,"2,971.8","3,024.3","32,240.8"
20210614,"3,163.0","3,276.3","36,465.1"
20210611,"3,247.6","3,412.3","39,143.1"
20210610,"3,590.5","3,570.1","39,017.9"
20210609,"3,903.9","3,476.5","42,380.7"
20210608,"3,583.8","3,022.5","37,080.1"
20210607,"3,207.3","3,225.5","32,762.9"
20210604,"3,443.2","3,138.2","39,792.7"
20210603,"4,004.3","3,537.6","43,240.7"
20210602,"3,969.1","3,448.7","42,140.1"
20210601,"3,061.8","2,864.5","34,233.8"
20210528,"3,679.6","3,126.0","40,530.5"
20210527,"3,404.5","2,883.3","36,252.5"
20210526,"2,971.1","2,276.6","31,062.8"
20210525,"2,575.6","2,317.2","28,194.6"
20210524,"2,606.0","2,667.0","29,988.2"
20210521,"3,313.5","3,454.6","37,341.7"
20210520,"2,996.5","2,992.0","32,254.6"
20210519,"3,127.3","2,953.6","33,623.5"
20210518,"2,829.9","2,982.2","29,582.5"
20210517,"2,939.4","3,280.6","31,277.6"
20210514,"3,092.8","2,844.7","35,707.7"
20210513,"3,420.8","2,760.8","36,214.3"
20210512,"3,702.8","3,351.1","37,983.9"
20210511,"3,445.7","3,095.3","36,585.1"
20210510,"3,139.7","2,861.2","34,867.9"
20210507,"3,351.7","3,050.5","38,126.9"
20210506,"3,519.6","2,724.2","34,644.4"
20210505,"2,893.4","2,712.8","31,703.1"
20210504,"3,186.7","2,698.6","33,755.7"
20210503,"2,698.2","2,337.8","28,139.0"
20210430,"3,049.1","2,395.6","33,489.0"
20210429,"3,159.1","2,512.7","36,296.6"
20210428,"2,851.2","2,371.3","29,434.4"
20210427,"2,950.4","2,158.8","26,441.6"
20210426,"2,566.9","2,602.2","27,789.9"
20210423,"2,932.8","2,623.6","33,955.2"
20210422,"3,423.6","2,734.4","34,836.3"
20210421,"2,852.2","2,438.2","28,134.9"
20210420,"2,718.4","2,757.4","31,630.2"
20210419,"3,005.0","2,760.9","31,205.1"
20210416,"3,435.1","3,525.4","37,974.4"
20210415,"3,110.3","2,951.0","34,778.7"
20210414,"3,101.4","3,096.4","34,582.9"
20210413,"2,643.5","2,996.4","31,573.0"
20210412,"2,885.3","3,446.3","30,579.7"
20210409,"2,959.3","2,804.4","34,104.0"
20210408,"2,658.5","2,724.7","29,180.9"
20210407,"2,866.0","2,915.7","30,637.3"
20210406,"2,733.2","2,413.7","28,162.9"
20210405,"2,981.8","2,720.2","32,637.6"
20210401,"3,661.5","2,833.2","36,780.2"
20210331,"3,085.1","2,978.8","32,574.1"
20210330,"2,625.0","2,276.8","26,901.1"
20210329,"3,054.8","2,644.6","30,435.2"
20210326,"3,924.0","3,323.8","39,123.7"
20210325,"3,628.6","2,956.5","36,465.3"
20210324,"3,537.7","3,164.8","35,137.9"
20210323,"4,045.9","2,759.5","33,647.6"
20210322,"2,870.1","2,644.0","30,627.1"
20210319,"4,140.4","4,401.5","42,207.0"
20210318,"3,912.8","3,610.5","40,974.7"
20210317,"3,754.8","3,550.1","34,836.2"
20210316,"3,642.5","3,640.3","35,469.4"
20210315,"3,514.9","3,250.1","35,457.3"
20210312,"3,845.4","3,552.4","39,624.8"
20210311,"3,957.0","3,556.0","40,335.8"
20210310,"3,767.0","3,213.0","35,726.0"
20210309,"3,697.2","3,272.1","36,289.9"
20210308,"3,875.9","2,967.5","37,331.5"
20210305,"5,188.8","3,839.2","50,696.8"
20210304,"5,589.8","3,687.6","52,017.1"
20210303,"4,070.0","3,273.5","42,192.9"
20210302,"3,638.8","2,591.2","32,690.4"
20210301,"3,710.8","2,827.7","36,146.9"
20210226,"4,889.4","3,489.8","44,782.2"
20210225,"5,316.5","3,901.5","46,891.2"
20210224,"5,571.2","3,596.7","41,872.3"
20210223,"4,693.3","3,389.0","43,148.6"
20210222,"4,548.1","3,562.0","42,945.5"
20210219,"4,836.5","4,189.7","45,999.6"
20210218,"4,396.6","4,337.4","38,531.2"
20210217,"3,889.0","4,381.2","39,627.9"
20210216,"4,384.4","4,432.9","42,078.7"
20210212,"3,719.5","3,921.9","41,142.4"
20210211,"4,311.2","3,584.6","41,510.1"
20210210,"4,793.0","3,869.1","43,104.0"
20210209,"4,112.8","3,009.2","37,303.8"
20210208,"4,054.7","3,122.1","38,780.7"
20210205,"4,426.3","3,429.8","42,030.2"
20210204,"4,098.5","3,255.1","38,042.8"
20210203,"3,934.8","3,339.6","37,114.8"
20210202,"4,081.0","3,177.9","38,867.3"
20210201,"4,387.1","3,660.3","42,322.2"
20210129,"5,952.2","4,300.7","52,242.8"
20210128,"5,332.8","3,860.2","47,154.5"
20210127,"6,738.3","4,138.5","57,133.8"
20210126,"4,192.4","3,271.7","37,851.7"
20210125,"5,201.9","3,789.5","47,655.9"
20210122,"4,130.6","3,566.6","42,682.7"
20210121,"3,652.0","3,475.6","38,026.3"
20210120,"3,698.8","3,351.5","38,126.7"
20210119,"3,627.6","3,431.7","35,741.1"
20210115,"4,774.4","4,976.1","48,316.7"
20210114,"5,239.6","4,569.5","45,340.3"
20210113,"4,227.5","3,851.5","38,868.0"
20210112,"4,248.6","3,752.4","38,093.7"
20210111,"3,505.1","3,361.0","35,684.1"
20210108,"4,920.3","3,615.2","45,570.3"
20210107,"4,240.2","3,051.7","38,583.9"
20210106,"4,933.2","3,899.2","44,872.8"
20210105,"3,137.2","3,085.4","30,792.5"
20210104,"4,177.7","3,196.3","37,491.6"
20201231,"2,897.5","2,288.4","30,174.7"
20201230,"2,501.3","1,980.2","27,192.2"
20201229,"3,320.7","2,151.9","29,421.1"
20201228,"3,034.9","2,271.0","29,603.0"
20201224,"1,665.1","1,886.6","20,311.0"
20201223,"2,704.8","2,711.7","31,047.1"
20201222,"3,017.9","2,881.7","33,233.1"
20201221,"3,630.4","3,110.7","35,023.2"
20201218,"4,048.0","3,881.6","40,649.0"
20201217,"3,458.5","3,474.2","34,367.9"
20201216,"3,228.4","3,223.3","30,545.9"
20201215,"3,007.3","3,382.4","31,658.5"
20201214,"3,444.7","3,242.7","32,218.2"
20201211,"3,305.1","3,376.8","41,541.2"
20201210,"2,969.3","3,012.8","30,673.8"
20201209,"3,983.5","3,480.3","39,518.3"
20201208,"2,901.2","2,960.0","30,315.7"
20201207,"3,064.3","2,666.0","31,236.2"
20201204,"3,513.7","3,752.7","37,594.1"
20201203,"3,466.3","2,954.0","34,885.3"
20201202,"2,834.5","3,006.1","32,741.3"
20201201,"3,308.1","3,267.8","35,695.5"
20201130,"3,595.5","3,060.8","34,696.6"
20201127,"2,550.0","2,049.5","24,237.9"
20201125,"3,491.1","3,024.0","31,761.0"
20201124,"3,461.5","3,629.4","40,202.4"
20201123,"3,567.1","3,034.1","35,615.2"
20201120,"3,299.0","3,845.9","35,317.5"
20201119,"3,269.2","2,980.6","30,927.0"
20201118,"3,855.4","3,714.4","35,480.5"
20201117,"2,846.2","2,931.3","28,659.9"
20201116,"3,294.7","2,883.9","32,230.3"
20201113,"3,206.0","2,694.4","33,081.3"
20201112,"3,212.2","2,573.3","30,428.7"
20201111,"2,746.0","2,413.6","27,050.3"
20201110,"3,581.0","3,023.9","32,593.0"
20201109,"5,223.4","3,557.4","45,541.0"
20201106,"3,848.6","3,076.5","32,180.2"
20201105,"3,286.3","2,733.1","32,048.9"
20201104,"3,033.5","2,670.1","30,019.2"
20201103,"2,413.1","2,175.1","24,557.8"
20201102,"2,488.0","2,113.1","23,545.6"
20201030,"3,000.0","2,933.5","32,459.9"
20201029,"2,682.0","2,561.1","27,483.5"
20201028,"3,293.6","2,608.5","32,024.1"
20201027,"2,162.7","2,125.2","22,101.1"
20201026,"2,593.6","2,340.1","26,272.1"
20201023,"2,376.5","2,513.5","26,867.2"
20201022,"2,267.3","2,355.4","25,850.3"
20201021,"2,279.6","2,323.4","24,756.8"
20201020,"2,390.6","2,017.0","23,600.2"
20201019,"1,327.2","2,274.6","26,677.7"
20201016,"2,881.6","3,072.2","31,023.7"
20201015,"2,798.4","2,535.6","27,031.6"
20201014,"2,478.9","3,176.6","27,938.4"
20201013,"2,382.3","2,768.9","26,977.9"
20201012,"2,990.8","2,621.3","30,099.1"
20201009,"2,932.7","2,807.9","30,355.3"
20201008,"2,584.2","2,443.1","25,786.4"
20201007,"2,272.4","2,308.8","23,705.2"
20201006,"2,813.9","2,633.2","28,279.9"
20201005,"2,337.8","2,263.4","23,350.0"
20201002,"3,562.7","2,713.3","30,084.5"
20201001,"3,062.0","2,165.6","25,239.7"
20200930,"3,602.8","2,107.0","26,937.6"
20200929,"2,940.9","1,773.0","21,117.5"
20200928,"2,864.1","1,992.8","23,045.3"
20200925,"2,812.4","2,103.5","25,918.6"
20200924,"3,089.9","1,971.9","27,281.2"
20200923,"3,225.7","2,518.3","29,770.4"
20200922,"3,107.1","2,236.5","24,540.1"
20200921,"3,598.7","2,333.3","31,281.5"
20200918,"3,834.6","3,186.9","35,634.6"
20200917,"3,177.6","2,539.8","30,720.0"
20200916,"3,103.4","2,712.7","28,635.2"
20200915,"2,802.9","2,316.0","25,999.1"
20200914,"3,050.2","2,336.8","26,596.2"
20200911,"3,487.2","2,463.0","32,412.1"
20200910,"3,158.6","2,456.8","30,264.8"
20200909,"3,111.2","2,454.8","28,610.7"
20200908,"3,479.3","2,399.6","32,102.9"
20200904,"4,091.2","2,852.9","42,779.5"
20200903,"4,057.3","3,274.4","43,009.1"
20200902,"3,216.2","2,976.1","36,057.9"
20200901,"3,039.2","2,519.0","30,036.9"
20200831,"2,642.9","2,148.1","29,426.1"
20200828,"2,822.9","2,706.0","30,646.1"
20200827,"3,167.6","2,458.6","32,220.8"
20200826,"3,044.8","2,477.3","30,547.6"
20200825,"2,176.8","2,017.6","24,546.5"
20200824,"2,553.9","2,045.3","26,965.7"
20200821,"2,906.2","2,494.0","30,001.8"
20200820,"2,469.1","2,217.3","25,710.0"
20200819,"2,398.3","2,387.8","25,475.5"
20200818,"3,213.6","1,962.9","23,883.8"
20200817,"2,172.1","1,906.0","22,458.8"
20200814,"2,350.9","2,293.4","24,698.0"
20200813,"2,472.3","2,144.6","25,275.7"
20200812,"2,758.4","2,306.5","25,733.0"
20200811,"3,416.9","2,402.2","32,403.1"
20200810,"3,103.5","2,338.3","28,673.0"
20200807,"3,499.7","2,627.7","33,418.3"
20200806,"2,970.1","2,248.5","30,084.2"
20200805,"3,553.0","2,358.1","28,535.2"
20200804,"2,941.6","2,271.0","25,748.4"
20200803,"2,773.1","1,834.2","25,943.1"
20200731,"3,360.9","2,578.2","31,606.9"
20200730,"2,631.0","2,012.2","24,443.1"
20200729,"2,409.7","1,810.1","23,418.6"
20200728,"2,250.1","1,735.0","20,701.3"
20200727,"2,322.2","2,028.5","23,703.7"
20200724,"2,893.3","2,171.4","27,749.7"
20200723,"3,098.8","2,955.8","29,072.7"
20200722,"2,561.8","2,470.1","23,925.3"
20200721,"2,687.4","2,210.6","25,176.6"
20200720,"2,730.6","2,020.5","24,265.7"
20200717,"3,048.1","2,955.9","28,154.9"
20200716,"2,650.2","2,169.1","23,789.5"
20200715,"3,334.2","3,126.5","29,958.3"
20200714,"2,776.5","2,341.4","25,227.1"
20200713,"3,478.4","2,604.2","33,886.0"
20200710,"2,985.5","2,541.0","28,949.4"
20200709,"3,006.8","2,294.5","29,321.2"
20200708,"2,575.6","2,217.7","26,409.7"
20200707,"2,401.0","2,070.2","23,648.2"
20200706,"2,593.7","2,094.7","25,720.8"
20200702,"2,875.4","2,596.3","27,696.1"
20200701,"3,702.4","2,196.2","25,493.4"
20200630,"2,218.4","1,907.8","22,890.5"
20200629,"2,027.6","1,736.7","21,674.7"
20200626,"3,105.0","2,480.7","29,844.3"
20200625,"2,729.4","2,141.4","24,950.1"
20200624,"3,526.8","2,506.5","30,957.1"
20200623,"2,597.8","2,031.4","25,069.5"
20200622,"2,413.7","2,206.6","24,523.0"
20200619,"3,493.6","3,113.9","34,093.3"
20200618,"2,427.2","2,135.3","23,771.1"
20200617,"2,660.3","2,248.0","23,732.0"
20200616,"3,130.3","2,683.1","29,240.0"
20200615,"2,997.2","3,012.4","29,019.7"
20200612,"3,848.2","3,275.4","39,504.8"
20200611,"4,758.5","3,404.6","44,734.4"
20200610,"3,499.6","2,553.9","33,603.6"
20200609,"3,222.3","2,511.0","29,272.8"
20200608,"4,109.5","2,440.6","34,416.2"
20200605,"5,196.0","3,118.1","45,000.1"
20200604,"3,702.1","2,093.0","30,771.9"
20200603,"3,275.3","3,033.4","31,613.2"
20200602,"2,547.3","2,087.0","22,236.5"
20200601,"2,129.6","1,549.6","20,170.6"
20200529,"2,823.7","2,191.2","27,822.6"
20200528,"3,131.8","2,708.6","27,371.6"
20200527,"3,570.9","2,630.7","29,738.3"
20200526,"3,341.9","2,414.1","27,481.5"
20200522,"2,720.6","1,815.9","23,511.2"
20200521,"2,712.7","2,273.9","24,340.9"
20200520,"2,934.7","1,563.7","24,528.5"
20200519,"2,688.2","1,371.6","23,081.5"
20200518,"3,321.5","1,533.8","28,864.3"
20200515,"3,335.0","1,784.0","28,674.2"
20200514,"2,928.4","1,445.5","28,035.8"
20200513,"3,409.2","1,767.8","30,774.5"
20200512,"3,064.2","1,514.2","25,023.9"
20200511,"2,404.2","1,274.2","21,601.4"
20200508,"2,919.5","1,905.6","26,766.3"
20200507,"2,448.0","1,354.5","23,409.5"
20200506,"2,524.1","1,291.4","21,311.4"
20200505,"2,507.0","1,273.4","21,516.3"
20200504,"2,284.9","1,285.3","20,061.0"
20200501,"2,102.8","1,668.2","27,707.4"
20200430,"2,011.8","1,338.3","24,232.2"
20200429,"2,188.8","1,620.1","28,753.9"
20200428,"1,752.5","1,536.6","22,242.2"
20200427,"1,680.4","1,523.3","22,383.0"
20200424,"1,781.7","1,648.4","23,439.1"
20200423,"1,750.9","1,281.8","23,081.0"
20200422,"1,638.3","1,564.0","22,785.2"
20200421,"2,019.6","1,908.7","27,120.7"
20200420,"1,864.5","1,887.2","25,768.2"
20200417,"2,046.4","2,224.1","28,942.7"
20200416,"1,786.9","1,589.3","24,655.5"
20200415,"1,650.0","2,010.8","23,935.6"
20200414,"1,864.3","2,128.3","26,081.6"
20200413,"1,631.6","1,399.5","21,440.3"
20200409,"2,344.4","1,739.7","31,827.1"
20200408,"1,623.9","1,288.9","21,979.4"
20200407,"2,019.5","1,442.5","26,185.2"
20200406,"1,779.3","1,388.4","23,816.1"
20200403,"1,728.8","1,167.1","23,731.5"
20200402,"1,592.5","1,160.3","21,462.1"
20200401,"1,728.9","1,176.8","21,950.0"
20200331,"1,498.6","1,031.9","20,835.1"
20200330,"1,512.8","961.8","19,735.1"
20200327,"1,788.5","1,153.4","22,869.7"
20200326,"1,972.9","1,221.0","24,338.3"
20200325,"2,091.9","1,618.6","26,390.4"
20200324,"2,149.2","1,561.2","25,241.6"
20200323,"1,846.8","1,413.8","23,483.5"
20200320,"3,254.5","2,242.9","27,942.3"
20200319,"2,784.5","2,557.8","27,220.4"
20200318,"4,244.8","2,713.3","30,976.7"
20200317,"3,682.1","2,521.1","26,066.2"
20200316,"3,132.4","2,773.2","27,145.3"
20200313,"3,261.2","2,125.7","31,248.5"
20200312,"5,031.4","2,817.7","35,005.4"
20200311,"3,846.6","2,446.4","27,174.4"
20200310,"3,525.5","2,518.2","26,691.5"
20200309,"3,697.6","2,834.2","29,001.5"
20200306,"4,071.4","3,133.2","33,728.3"
20200305,"3,385.5","2,102.2","27,109.7"
20200304,"2,621.7","2,095.6","24,911.3"
20200303,"3,220.7","2,461.7","27,185.3"
20200302,"2,933.5","2,305.0","26,443.0"
20200228,"5,335.6","4,537.7","42,842.7"
20200227,"4,844.7","3,656.8","40,334.4"
20200226,"3,179.3","2,546.7","29,626.4"
20200225,"3,947.5","3,059.5","37,162.3"
20200224,"4,406.9","2,688.6","34,792.5"
20200221,"2,866.7","2,769.1","31,099.6"
20200220,"2,600.9","2,014.5","26,383.7"
20200219,"2,066.0","1,927.0","21,985.9"
20200218,"2,309.0","1,753.1","22,335.7"
20200214,"1,917.0","1,866.5","21,678.7"
20200213,"1,917.1","1,664.2","20,794.9"
20200212,"2,300.5","2,140.3","23,601.2"
20200211,"2,241.7","1,952.4","22,602.3"
20200210,"1,897.2","1,393.1","19,389.2"
20200207,"1,980.3","1,886.5","23,263.3"
20200206,"1,966.8","1,901.5","22,590.2"
20200205,"2,160.2","1,665.9","24,697.9"
20200204,"2,317.9","1,719.0","23,087.6"
20200203,"1,694.7","1,631.3","19,746.9"
20200131,"2,866.5","2,152.5","29,525.1"
20200130,"2,239.8","2,021.9","23,886.1"
20200129,"2,070.2","1,465.5","20,397.3"
20200128,"1,700.5","1,543.2","18,973.6"
20200127,"2,636.4","1,682.6","23,828.1"
20200124,"2,545.4","2,264.4","28,540.8"
20200123,"1,885.0","1,838.6","21,600.3"
20200122,"2,013.5","1,808.2","20,799.1"
20200121,"2,022.0","1,816.4","22,632.6"
20200117,"2,595.3","2,458.2","26,441.2"
20200116,"2,477.3","1,963.2","22,893.3"
20200115,"2,061.3","2,038.4","22,457.1"
20200114,"2,099.2","1,910.7","21,575.9"
20200113,"2,701.5","1,383.1","21,765.9"
20200110,"2,061.6","1,945.3","22,178.0"
20200109,"1,966.1","2,094.6","22,320.7"
20200108,"2,150.4","1,897.2","25,127.7"
20200107,"1,601.8","1,539.4","17,631.7"
20200106,"1,742.9","1,225.2","18,320.9"
20200103,"2,047.0","1,472.4","20,446.1"
20200102,"1,749.3","1,584.7","20,430.1"
20191231,"1,344.8","1,012.4","15,453.9"
20191230,"1,514.1","1,232.5","16,278.8"
20191227,"1,348.4","1,401.8","16,669.7"
20191226,"1,264.7","1,102.3","14,430.1"
20191224,"790.7","735.2","8,775.7"
20191223,"1,402.8","1,108.5","15,568.5"
20191220,"2,309.0","1,677.0","23,154.2"
20191219,"1,771.4","1,848.4","22,067.4"
20191218,"1,904.4","1,689.4","18,757.4"
20191217,"1,429.1","1,318.0","15,542.0"
20191216,"2,119.0","2,324.1","21,939.1"
20191213,"2,308.1","1,999.3","28,590.2"
20191212,"2,314.5","2,267.4","25,531.0"
20191211,"1,426.6","1,782.1","15,812.7"
20191210,"1,371.2","1,404.5","14,048.0"
20191209,"1,474.5","1,570.7","15,555.5"
20191206,"1,761.8","1,574.5","18,960.1"
20191205,"1,486.2","1,097.8","13,881.5"
20191204,"1,547.2","1,392.3","16,911.6"
20191203,"2,053.9","1,441.8","18,840.7"
20191202,"1,814.9","1,294.5","17,024.4"
20191129,"813.7","812.2","9,742.1"
20191127,"1,433.0","1,207.8","15,577.2"
20191126,"1,554.4","1,103.9","16,495.2"
20191125,"1,757.4","1,127.2","17,101.4"
